,probe_id,request_ntp,request_capture,resp_delta_capture,response_orig_ts,response_capture,resp_proc_time,response_reference_timestamp,response_transmit_timestamp,response_transmit_minus_reference,response_reference_valid,request_ntp_equals_response_orig_ts
0,6905,2025-07-11 07:36:54.737752,2025-07-11 07:36:54.831705,0.09395289421081543,2025-07-11 07:36:54.737752,2025-07-11 07:36:54.831933,-2.4e-05,2025-07-11 07:35:54.831909,2025-07-11 07:36:54.831909,60.0,True,True
1,6905,2025-07-11 07:36:54.944847,2025-07-11 07:36:55.038805,0.09395742416381836,2025-07-11 07:36:54.944847,2025-07-11 07:36:55.038979,-1.9e-05,2025-07-11 07:35:55.038960,2025-07-11 07:36:55.038960,60.0,True,True
2,6905,2025-07-11 07:36:55.167315,2025-07-11 07:36:55.261271,0.09395599365234375,2025-07-11 07:36:55.167315,2025-07-11 07:36:55.261452,-2.8e-05,2025-07-11 07:35:55.261424,2025-07-11 07:36:55.261424,60.0,True,True
3,1003331,2025-07-11 07:36:55.030792,2025-07-11 07:36:55.034399,0.0036063194274902344,2025-07-11 07:36:55.030792,2025-07-11 07:36:55.034638,-3.9e-05,2025-07-11 07:35:55.034599,2025-07-11 07:36:55.034599,60.0,True,True
4,1003331,2025-07-11 07:36:55.039183,2025-07-11 07:36:55.042718,0.003534555435180664,2025-07-11 07:36:55.039183,2025-07-11 07:36:55.042858,-1.7e-05,2025-07-11 07:35:55.042841,2025-07-11 07:36:55.042841,60.0,True,True
5,1003331,2025-07-11 07:36:55.047351,2025-07-11 07:36:55.050818,0.003467559814453125,2025-07-11 07:36:55.047351,2025-07-11 07:36:55.050976,-2.4e-05,2025-07-11 07:35:55.050952,2025-07-11 07:36:55.050952,60.0,True,True
6,1003762,2025-07-11 07:36:55.348801,2025-07-11 07:36:55.352492,0.0036907196044921875,2025-07-11 07:36:55.348801,2025-07-11 07:36:55.352697,-2.5e-05,2025-07-11 07:35:55.352672,2025-07-11 07:36:55.352672,60.0,True,True
7,1003762,2025-07-11 07:36:55.356392,2025-07-11 07:36:55.359995,0.003602743148803711,2025-07-11 07:36:55.356392,2025-07-11 07:36:55.360213,-3e-05,2025-07-11 07:35:55.360183,2025-07-11 07:36:55.360183,60.0,True,True
8,1003762,2025-07-11 07:36:55.369717,2025-07-11 07:36:55.373271,0.0035533905029296875,2025-07-11 07:36:55.369717,2025-07-11 07:36:55.373463,-2.7e-05,2025-07-11 07:35:55.373436,2025-07-11 07:36:55.373436,60.0,True,True
9,1009593,2025-07-11 07:36:55.442679,2025-07-11 07:36:55.444960,0.0022809505462646484,2025-07-11 07:36:55.442679,2025-07-11 07:36:55.445148,-2.3e-05,2025-07-11 07:35:55.445125,2025-07-11 07:36:55.445125,60.0,True,True
10,1009593,2025-07-11 07:36:55.446983,2025-07-11 07:36:55.448873,0.001889944076538086,2025-07-11 07:36:55.446983,2025-07-11 07:36:55.449045,-2.7e-05,2025-07-11 07:35:55.449018,2025-07-11 07:36:55.449018,60.0,True,True
11,1009593,2025-07-11 07:36:55.452114,2025-07-11 07:36:55.454514,0.0023996829986572266,2025-07-11 07:36:55.452114,2025-07-11 07:36:55.454673,-1.9e-05,2025-07-11 07:35:55.454654,2025-07-11 07:36:55.454654,60.0,True,True
12,1007620,2025-07-11 07:36:55.486574,2025-07-11 07:36:55.487571,0.000997304916381836,2025-07-11 07:36:55.486574,2025-07-11 07:36:55.487852,-3.8e-05,2025-07-11 07:35:55.487814,2025-07-11 07:36:55.487814,60.0,True,True
13,1007620,2025-07-11 07:36:55.488771,2025-07-11 07:36:55.489710,0.0009391307830810547,2025-07-11 07:36:55.488771,2025-07-11 07:36:55.489906,-2.1e-05,2025-07-11 07:35:55.489885,2025-07-11 07:36:55.489885,60.0,True,True
14,1007620,2025-07-11 07:36:55.490788,2025-07-11 07:36:55.491771,0.0009829998016357422,2025-07-11 07:36:55.490788,2025-07-11 07:36:55.491966,-1.9e-05,2025-07-11 07:35:55.491947,2025-07-11 07:36:55.491947,60.0,True,True
15,1010904,2025-07-11 07:36:55.551258,2025-07-11 07:36:55.566541,0.015282869338989258,2025-07-11 07:36:55.551258,2025-07-11 07:36:55.566802,-3.9e-05,2025-07-11 07:35:55.566763,2025-07-11 07:36:55.566763,60.0,True,True
16,1010904,2025-07-11 07:36:55.583156,2025-07-11 07:36:55.598258,0.015101432800292969,2025-07-11 07:36:55.583156,2025-07-11 07:36:55.598422,-2e-05,2025-07-11 07:35:55.598402,2025-07-11 07:36:55.598402,60.0,True,True
17,1010904,2025-07-11 07:36:55.614818,2025-07-11 07:36:55.630019,0.015200614929199219,2025-07-11 07:36:55.614818,2025-07-11 07:36:55.630225,-2.4e-05,2025-07-11 07:35:55.630201,2025-07-11 07:36:55.630201,60.0,True,True
18,1010855,2025-07-11 07:37:47.646959,2025-07-11 07:36:55.572253,-52.074705362319946,2025-07-11 07:37:47.646959,2025-07-11 07:36:55.572448,-3.1e-05,2025-07-11 07:35:55.572417,2025-07-11 07:36:55.572417,60.0,True,True
19,1010855,2025-07-11 07:37:47.761780,2025-07-11 07:36:55.686357,-52.075422286987305,2025-07-11 07:37:47.761780,2025-07-11 07:36:55.686551,-2.5e-05,2025-07-11 07:35:55.686526,2025-07-11 07:36:55.686526,60.0,True,True
20,1010855,2025-07-11 07:37:47.875856,2025-07-11 07:36:55.800414,-52.07544231414795,2025-07-11 07:37:47.875856,2025-07-11 07:36:55.800624,-2.8e-05,2025-07-11 07:35:55.800596,2025-07-11 07:36:55.800596,60.0,True,True
21,1006606,2025-07-11 07:36:55.571778,2025-07-11 07:36:55.575577,0.0037994384765625,2025-07-11 07:36:55.571778,2025-07-11 07:36:55.575763,-2.6e-05,2025-07-11 07:35:55.575737,2025-07-11 07:36:55.575737,60.0,True,True
22,1006606,2025-07-11 07:36:55.578143,2025-07-11 07:36:55.581760,0.003616809844970703,2025-07-11 07:36:55.578143,2025-07-11 07:36:55.581969,-2.1e-05,2025-07-11 07:35:55.581948,2025-07-11 07:36:55.581948,60.0,True,True
23,1006606,2025-07-11 07:36:55.584310,2025-07-11 07:36:55.587960,0.0036504268646240234,2025-07-11 07:36:55.584310,2025-07-11 07:36:55.588102,-2e-05,2025-07-11 07:35:55.588082,2025-07-11 07:36:55.588082,60.0,True,True
24,1004746,2025-07-11 07:36:55.572802,2025-07-11 07:36:55.586682,0.013880014419555664,2025-07-11 07:36:55.572802,2025-07-11 07:36:55.586853,-2.8e-05,2025-07-11 07:35:55.586825,2025-07-11 07:36:55.586825,60.0,True,True
25,1004746,2025-07-11 07:36:55.600566,2025-07-11 07:36:55.614275,0.013709068298339844,2025-07-11 07:36:55.600566,2025-07-11 07:36:55.614446,-2e-05,2025-07-11 07:35:55.614426,2025-07-11 07:36:55.614426,60.0,True,True
26,1004746,2025-07-11 07:36:55.629034,2025-07-11 07:36:55.642771,0.01373744010925293,2025-07-11 07:36:55.629034,2025-07-11 07:36:55.642975,-4.4e-05,2025-07-11 07:35:55.642931,2025-07-11 07:36:55.642931,60.0,True,True
27,1007439,2025-07-11 07:36:55.582345,2025-07-11 07:36:55.606616,0.02427053451538086,2025-07-11 07:36:55.582345,2025-07-11 07:36:55.606829,-2.5e-05,2025-07-11 07:35:55.606804,2025-07-11 07:36:55.606804,60.0,True,True
28,1007439,2025-07-11 07:36:55.627194,2025-07-11 07:36:55.651578,0.024384021759033203,2025-07-11 07:36:55.627194,2025-07-11 07:36:55.651801,-4.7e-05,2025-07-11 07:35:55.651754,2025-07-11 07:36:55.651754,60.0,True,True
29,1007439,2025-07-11 07:36:55.672115,2025-07-11 07:36:55.696063,0.02394843101501465,2025-07-11 07:36:55.672115,2025-07-11 07:36:55.696266,-2.7e-05,2025-07-11 07:35:55.696239,2025-07-11 07:36:55.696239,60.0,True,True
30,1010876,2025-07-11 07:36:55.878161,2025-07-11 07:36:55.925716,0.047554969787597656,2025-07-11 07:36:55.878161,2025-07-11 07:36:55.925930,-2.6e-05,2025-07-11 07:35:55.925904,2025-07-11 07:36:55.925904,60.0,True,True
31,1010876,2025-07-11 07:36:55.973107,2025-07-11 07:36:56.020645,0.047537803649902344,2025-07-11 07:36:55.973107,2025-07-11 07:36:56.020811,-2.6e-05,2025-07-11 07:35:56.020785,2025-07-11 07:36:56.020785,60.0,True,True
32,1010876,2025-07-11 07:36:56.068429,2025-07-11 07:36:56.115985,0.047556161880493164,2025-07-11 07:36:56.068429,2025-07-11 07:36:56.116172,-1.8e-05,2025-07-11 07:35:56.116154,2025-07-11 07:36:56.116154,60.0,True,True
33,1004704,2025-07-11 07:35:10.867667,2025-07-11 07:36:56.005628,105.13796067237854,2025-07-11 07:35:10.867667,2025-07-11 07:36:56.005816,-2.3e-05,2025-07-11 07:35:56.005793,2025-07-11 07:36:56.005793,60.0,True,True
34,1004704,2025-07-11 07:35:10.953617,2025-07-11 07:36:56.091490,105.13787245750427,2025-07-11 07:35:10.953617,2025-07-11 07:36:56.091681,-2.2e-05,2025-07-11 07:35:56.091659,2025-07-11 07:36:56.091659,60.0,True,True
35,1004704,2025-07-11 07:35:11.039623,2025-07-11 07:36:56.177609,105.1379861831665,2025-07-11 07:35:11.039623,2025-07-11 07:36:56.177775,-3.1e-05,2025-07-11 07:35:56.177744,2025-07-11 07:36:56.177744,60.0,True,True
36,1008530,2025-07-11 07:36:56.084284,2025-07-11 07:36:56.095850,0.011566638946533203,2025-07-11 07:36:56.084284,2025-07-11 07:36:56.096036,-2e-05,2025-07-11 07:35:56.096016,2025-07-11 07:36:56.096016,60.0,True,True
37,1008530,2025-07-11 07:36:56.101356,2025-07-11 07:36:56.112638,0.011281967163085938,2025-07-11 07:36:56.101356,2025-07-11 07:36:56.112858,-2.5e-05,2025-07-11 07:35:56.112833,2025-07-11 07:36:56.112833,60.0,True,True
38,1008530,2025-07-11 07:36:56.118209,2025-07-11 07:36:56.129236,0.011026620864868164,2025-07-11 07:36:56.118209,2025-07-11 07:36:56.129415,-2.1e-05,2025-07-11 07:35:56.129394,2025-07-11 07:36:56.129394,60.0,True,True
39,1004827,2025-07-11 07:36:56.225714,2025-07-11 07:36:56.297371,0.07165646553039551,2025-07-11 07:36:56.225714,2025-07-11 07:36:56.297540,-2.1e-05,2025-07-11 07:35:56.297519,2025-07-11 07:36:56.297519,60.0,True,True
40,1004827,2025-07-11 07:36:56.367658,2025-07-11 07:36:56.439356,0.07169818878173828,2025-07-11 07:36:56.367658,2025-07-11 07:36:56.439540,-2.2e-05,2025-07-11 07:35:56.439518,2025-07-11 07:36:56.439518,60.0,True,True
41,1004827,2025-07-11 07:36:56.509935,2025-07-11 07:36:56.581128,0.07119274139404297,2025-07-11 07:36:56.509935,2025-07-11 07:36:56.581309,-2.2e-05,2025-07-11 07:35:56.581287,2025-07-11 07:36:56.581287,60.0,True,True
42,1006239,2025-07-11 07:36:56.276079,2025-07-11 07:36:56.371217,0.0951383113861084,2025-07-11 07:36:56.276079,2025-07-11 07:36:56.371400,-2.2e-05,2025-07-11 07:35:56.371378,2025-07-11 07:36:56.371378,60.0,True,True
43,1006239,2025-07-11 07:36:56.466470,2025-07-11 07:36:56.561484,0.09501409530639648,2025-07-11 07:36:56.466470,2025-07-11 07:36:56.561685,-1.6e-05,2025-07-11 07:35:56.561669,2025-07-11 07:36:56.561669,60.0,True,True
44,1006239,2025-07-11 07:36:56.656627,2025-07-11 07:36:56.751649,0.09502148628234863,2025-07-11 07:36:56.656627,2025-07-11 07:36:56.751878,-2.1e-05,2025-07-11 07:35:56.751857,2025-07-11 07:36:56.751857,60.0,True,True
45,1003161,2025-07-11 07:36:56.496011,2025-07-11 07:36:56.560963,0.06495237350463867,2025-07-11 07:36:56.496011,2025-07-11 07:36:56.561168,-2.5e-05,2025-07-11 07:35:56.561143,2025-07-11 07:36:56.561143,60.0,True,True
46,1003161,2025-07-11 07:36:56.620744,2025-07-11 07:36:56.685716,0.0649721622467041,2025-07-11 07:36:56.620744,2025-07-11 07:36:56.685933,-2.1e-05,2025-07-11 07:35:56.685912,2025-07-11 07:36:56.685912,60.0,True,True
47,1003161,2025-07-11 07:36:56.744423,2025-07-11 07:36:56.799594,0.05517101287841797,2025-07-11 07:36:56.744423,2025-07-11 07:36:56.799821,-2.3e-05,2025-07-11 07:35:56.799798,2025-07-11 07:36:56.799798,60.0,True,True
48,1004862,2025-07-11 07:36:56.699728,2025-07-11 07:36:56.766130,0.06640195846557617,2025-07-11 07:36:56.699728,2025-07-11 07:36:56.766308,-1.9e-05,2025-07-11 07:35:56.766289,2025-07-11 07:36:56.766289,60.0,True,True
49,1004862,2025-07-11 07:36:56.830986,2025-07-11 07:36:56.897384,0.06639766693115234,2025-07-11 07:36:56.830986,2025-07-11 07:36:56.897602,-4.5e-05,2025-07-11 07:35:56.897557,2025-07-11 07:36:56.897557,60.0,True,True
50,1004862,2025-07-11 07:36:56.969482,2025-07-11 07:36:57.035961,0.06647872924804688,2025-07-11 07:36:56.969482,2025-07-11 07:36:57.036131,-2.4e-05,2025-07-11 07:35:57.036107,2025-07-11 07:36:57.036107,60.0,True,True
51,1006605,2025-07-11 07:36:56.904714,2025-07-11 07:36:56.916169,0.011454582214355469,2025-07-11 07:36:56.904714,2025-07-11 07:36:56.916469,-2.9e-05,2025-07-11 07:35:56.916440,2025-07-11 07:36:56.916440,60.0,True,True
52,1006605,2025-07-11 07:36:56.943066,2025-07-11 07:36:56.954135,0.011068582534790039,2025-07-11 07:36:56.943066,2025-07-11 07:36:56.954332,-2.3e-05,2025-07-11 07:35:56.954309,2025-07-11 07:36:56.954309,60.0,True,True
53,1006605,2025-07-11 07:36:56.982238,2025-07-11 07:36:56.993413,0.011174917221069336,2025-07-11 07:36:56.982238,2025-07-11 07:36:56.993628,-3.9e-05,2025-07-11 07:35:56.993589,2025-07-11 07:36:56.993589,60.0,True,True
54,1009253,2025-07-11 07:36:57.304787,2025-07-11 07:36:57.410564,0.10577726364135742,2025-07-11 07:36:57.304787,2025-07-11 07:36:57.410829,-2.3e-05,2025-07-11 07:35:57.410806,2025-07-11 07:36:57.410806,60.0,True,True
55,1009253,2025-07-11 07:36:57.633365,2025-07-11 07:36:57.739049,0.10568428039550781,2025-07-11 07:36:57.633365,2025-07-11 07:36:57.739211,-2.3e-05,2025-07-11 07:35:57.739188,2025-07-11 07:36:57.739188,60.0,True,True
56,1009253,2025-07-11 07:37:01.633863,2025-07-11 07:37:01.739685,0.10582184791564941,2025-07-11 07:37:01.633863,2025-07-11 07:37:01.739899,-2.4e-05,2025-07-11 07:36:01.739875,2025-07-11 07:37:01.739875,60.0,True,True
57,50350,2025-07-11 07:36:59.371666,2025-07-11 07:36:58.624339,-0.7473270893096924,2025-07-11 07:36:59.371666,2025-07-11 07:36:58.624523,-2.2e-05,2025-07-11 07:35:58.624501,2025-07-11 07:36:58.624501,60.0,True,True
58,50350,2025-07-11 07:36:59.378060,2025-07-11 07:36:58.631709,-0.7463510036468506,2025-07-11 07:36:59.378060,2025-07-11 07:36:58.631883,-2.3e-05,2025-07-11 07:35:58.631860,2025-07-11 07:36:58.631860,60.0,True,True
59,50350,2025-07-11 07:36:59.385431,2025-07-11 07:36:58.637972,-0.7474591732025146,2025-07-11 07:36:59.385431,2025-07-11 07:36:58.638132,-2e-05,2025-07-11 07:35:58.638112,2025-07-11 07:36:58.638112,60.0,True,True
60,21373,2025-07-11 07:36:57.998051,2025-07-11 07:36:58.694212,0.6961607933044434,2025-07-11 07:36:57.998051,2025-07-11 07:36:58.694444,-2.1e-05,2025-07-11 07:35:58.694423,2025-07-11 07:36:58.694423,60.0,True,True
61,21373,2025-07-11 07:36:58.022332,2025-07-11 07:36:58.718200,0.6958682537078857,2025-07-11 07:36:58.022332,2025-07-11 07:36:58.718417,-2.4e-05,2025-07-11 07:35:58.718393,2025-07-11 07:36:58.718393,60.0,True,True
62,21373,2025-07-11 07:36:58.046263,2025-07-11 07:36:58.742187,0.6959235668182373,2025-07-11 07:36:58.046263,2025-07-11 07:36:58.742365,-2.2e-05,2025-07-11 07:35:58.742343,2025-07-11 07:36:58.742343,60.0,True,True
63,13745,2025-07-11 07:36:59.222677,2025-07-11 07:36:59.229381,0.006704092025756836,2025-07-11 07:36:59.222677,2025-07-11 07:36:59.229575,-2.3e-05,2025-07-11 07:35:59.229552,2025-07-11 07:36:59.229552,60.0,True,True
64,13745,2025-07-11 07:36:59.239238,2025-07-11 07:36:59.245437,0.00619959831237793,2025-07-11 07:36:59.239238,2025-07-11 07:36:59.245607,-2.5e-05,2025-07-11 07:35:59.245582,2025-07-11 07:36:59.245582,60.0,True,True
65,13745,2025-07-11 07:36:59.255327,2025-07-11 07:36:59.261414,0.006087064743041992,2025-07-11 07:36:59.255327,2025-07-11 07:36:59.261564,-2.3e-05,2025-07-11 07:35:59.261541,2025-07-11 07:36:59.261541,60.0,True,True
66,62037,2025-07-11 07:36:59.429598,2025-07-11 07:36:59.486376,0.0567779541015625,2025-07-11 07:36:59.429598,2025-07-11 07:36:59.486586,-2.9e-05,2025-07-11 07:35:59.486557,2025-07-11 07:36:59.486557,60.0,True,True
67,62037,2025-07-11 07:36:59.540194,2025-07-11 07:36:59.596739,0.05654501914978027,2025-07-11 07:36:59.540194,2025-07-11 07:36:59.596954,-3.7e-05,2025-07-11 07:35:59.596917,2025-07-11 07:36:59.596917,60.0,True,True
68,62037,2025-07-11 07:36:59.650468,2025-07-11 07:36:59.707086,0.05661821365356445,2025-07-11 07:36:59.650468,2025-07-11 07:36:59.707254,-2e-05,2025-07-11 07:35:59.707234,2025-07-11 07:36:59.707234,60.0,True,True
69,55653,2025-07-11 07:37:01.174543,2025-07-11 07:36:59.501534,-1.6730093955993652,2025-07-11 07:37:01.174543,2025-07-11 07:36:59.501744,-2.3e-05,2025-07-11 07:35:59.501721,2025-07-11 07:36:59.501721,60.0,True,True
70,55653,2025-07-11 07:37:01.194428,2025-07-11 07:36:59.527530,-1.6668975353240967,2025-07-11 07:37:01.194428,2025-07-11 07:36:59.527743,-2.4e-05,2025-07-11 07:35:59.527719,2025-07-11 07:36:59.527719,60.0,True,True
71,55653,2025-07-11 07:37:01.220040,2025-07-11 07:36:59.542427,-1.6776130199432373,2025-07-11 07:37:01.220040,2025-07-11 07:36:59.542606,-2.6e-05,2025-07-11 07:35:59.542580,2025-07-11 07:36:59.542580,60.0,True,True
72,3804,2025-07-11 07:36:59.740110,2025-07-11 07:36:59.578079,-0.16203069686889648,2025-07-11 07:36:59.740110,2025-07-11 07:36:59.578269,-2.4e-05,2025-07-11 07:35:59.578245,2025-07-11 07:36:59.578245,60.0,True,True
73,3804,2025-07-11 07:36:59.785475,2025-07-11 07:36:59.623400,-0.16207456588745117,2025-07-11 07:36:59.785475,2025-07-11 07:36:59.623600,-2.9e-05,2025-07-11 07:35:59.623571,2025-07-11 07:36:59.623571,60.0,True,True
74,3804,2025-07-11 07:36:59.831798,2025-07-11 07:36:59.669731,-0.16206717491149902,2025-07-11 07:36:59.831798,2025-07-11 07:36:59.669952,-4e-05,2025-07-11 07:35:59.669912,2025-07-11 07:36:59.669912,60.0,True,True
75,12163,2025-07-11 07:36:58.859767,2025-07-11 07:36:59.941505,1.081737995147705,2025-07-11 07:36:58.859767,2025-07-11 07:36:59.941713,-2.2e-05,2025-07-11 07:35:59.941691,2025-07-11 07:36:59.941691,60.0,True,True
76,12163,2025-07-11 07:36:59.023746,2025-07-11 07:37:00.105428,1.081681489944458,2025-07-11 07:36:59.023746,2025-07-11 07:37:00.105560,-2.3e-05,2025-07-11 07:36:00.105537,2025-07-11 07:37:00.105537,60.0,True,True
77,12163,2025-07-11 07:36:59.187751,2025-07-11 07:37:00.269464,1.0817136764526367,2025-07-11 07:36:59.187751,2025-07-11 07:37:00.269704,-2.3e-05,2025-07-11 07:36:00.269681,2025-07-11 07:37:00.269681,60.0,True,True
78,62589,2025-07-11 07:37:00.000515,2025-07-11 07:37:00.104163,0.10364818572998047,2025-07-11 07:37:00.000515,2025-07-11 07:37:00.104359,-3e-05,2025-07-11 07:36:00.104329,2025-07-11 07:37:00.104329,60.0,True,True
79,62589,2025-07-11 07:37:00.233543,2025-07-11 07:37:00.337055,0.10351228713989258,2025-07-11 07:37:00.233543,2025-07-11 07:37:00.337255,-3.1e-05,2025-07-11 07:36:00.337224,2025-07-11 07:37:00.337224,60.0,True,True
80,62589,2025-07-11 07:37:00.466542,2025-07-11 07:37:00.570168,0.10362625122070312,2025-07-11 07:37:00.466542,2025-07-11 07:37:00.570351,-2.2e-05,2025-07-11 07:36:00.570329,2025-07-11 07:37:00.570329,60.0,True,True
81,55817,2025-07-11 07:37:00.030048,2025-07-11 07:37:00.190254,0.16020607948303223,2025-07-11 07:37:00.030048,2025-07-11 07:37:00.190445,-2.2e-05,2025-07-11 07:36:00.190423,2025-07-11 07:37:00.190423,60.0,True,True
82,55817,2025-07-11 07:37:00.049017,2025-07-11 07:37:00.209028,0.16001105308532715,2025-07-11 07:37:00.049017,2025-07-11 07:37:00.209222,-2.8e-05,2025-07-11 07:36:00.209194,2025-07-11 07:37:00.209194,60.0,True,True
83,55817,2025-07-11 07:37:00.067687,2025-07-11 07:37:00.227702,0.16001462936401367,2025-07-11 07:37:00.067687,2025-07-11 07:37:00.227908,-2.7e-05,2025-07-11 07:36:00.227881,2025-07-11 07:37:00.227881,60.0,True,True
84,52980,2025-07-11 07:37:01.013768,2025-07-11 07:37:00.580531,-0.43323707580566406,2025-07-11 07:37:01.013768,2025-07-11 07:37:00.580739,-3.1e-05,2025-07-11 07:36:00.580708,2025-07-11 07:37:00.580708,60.0,True,True
85,52980,2025-07-11 07:37:01.031168,2025-07-11 07:37:00.597036,-0.43413233757019043,2025-07-11 07:37:01.031168,2025-07-11 07:37:00.597273,-2.4e-05,2025-07-11 07:36:00.597249,2025-07-11 07:37:00.597249,60.0,True,True
86,52980,2025-07-11 07:37:01.047591,2025-07-11 07:37:00.613585,-0.4340059757232666,2025-07-11 07:37:01.047591,2025-07-11 07:37:00.613764,-2.4e-05,2025-07-11 07:36:00.613740,2025-07-11 07:37:00.613740,60.0,True,True
87,54580,2025-07-11 07:37:02.526450,2025-07-11 07:37:00.654063,-1.8723866939544678,2025-07-11 07:37:02.526450,2025-07-11 07:37:00.654292,-2.9e-05,2025-07-11 07:36:00.654263,2025-07-11 07:37:00.654263,60.0,True,True
88,54580,2025-07-11 07:37:02.567365,2025-07-11 07:37:00.694752,-1.8726129531860352,2025-07-11 07:37:02.567365,2025-07-11 07:37:00.694986,-2.6e-05,2025-07-11 07:36:00.694960,2025-07-11 07:37:00.694960,60.0,True,True
89,54580,2025-07-11 07:37:02.607851,2025-07-11 07:37:00.735292,-1.872558832168579,2025-07-11 07:37:02.607851,2025-07-11 07:37:00.735458,-2.1e-05,2025-07-11 07:36:00.735437,2025-07-11 07:37:00.735437,60.0,True,True
90,14194,2025-07-11 07:37:00.726194,2025-07-11 07:37:00.733038,0.0068438053131103516,2025-07-11 07:37:00.726194,2025-07-11 07:37:00.733247,-2.5e-05,2025-07-11 07:36:00.733222,2025-07-11 07:37:00.733222,60.0,True,True
91,14194,2025-07-11 07:37:00.740124,2025-07-11 07:37:00.746973,0.006848335266113281,2025-07-11 07:37:00.740124,2025-07-11 07:37:00.747183,-2.5e-05,2025-07-11 07:36:00.747158,2025-07-11 07:37:00.747158,60.0,True,True
92,14194,2025-07-11 07:37:00.754237,2025-07-11 07:37:00.761091,0.006854057312011719,2025-07-11 07:37:00.754237,2025-07-11 07:37:00.761272,-2.2e-05,2025-07-11 07:36:00.761250,2025-07-11 07:37:00.761250,60.0,True,True
93,29239,2025-07-11 07:37:00.242632,2025-07-11 07:37:00.975890,0.7332577705383301,2025-07-11 07:37:00.242632,2025-07-11 07:37:00.976060,-2.2e-05,2025-07-11 07:36:00.976038,2025-07-11 07:37:00.976038,60.0,True,True
94,29239,2025-07-11 07:37:00.263953,2025-07-11 07:37:00.996488,0.7325348854064941,2025-07-11 07:37:00.263953,2025-07-11 07:37:00.996727,-2.9e-05,2025-07-11 07:36:00.996698,2025-07-11 07:37:00.996698,60.0,True,True
95,29239,2025-07-11 07:37:00.308620,2025-07-11 07:37:01.041570,0.73294997215271,2025-07-11 07:37:00.308620,2025-07-11 07:37:01.041808,-2.8e-05,2025-07-11 07:36:01.041780,2025-07-11 07:37:01.041780,60.0,True,True
96,22084,2025-07-11 07:36:59.383112,2025-07-11 07:37:01.203690,1.8205780982971191,2025-07-11 07:36:59.383112,2025-07-11 07:37:01.203912,-2.4e-05,2025-07-11 07:36:01.203888,2025-07-11 07:37:01.203888,60.0,True,True
97,22084,2025-07-11 07:36:59.392330,2025-07-11 07:37:01.211998,1.8196673393249512,2025-07-11 07:36:59.392330,2025-07-11 07:37:01.212238,-3.3e-05,2025-07-11 07:36:01.212205,2025-07-11 07:37:01.212205,60.0,True,True
98,22084,2025-07-11 07:36:59.400896,2025-07-11 07:37:01.220755,1.8198587894439697,2025-07-11 07:36:59.400896,2025-07-11 07:37:01.220991,-2.9e-05,2025-07-11 07:36:01.220962,2025-07-11 07:37:01.220962,60.0,True,True
99,3811,2025-07-11 07:37:03.348407,2025-07-11 07:37:01.466083,-1.8823237419128418,2025-07-11 07:37:03.348407,2025-07-11 07:37:01.466288,-2.3e-05,2025-07-11 07:36:01.466265,2025-07-11 07:37:01.466265,60.0,True,True
100,3811,2025-07-11 07:37:03.396183,2025-07-11 07:37:01.513748,-1.882434606552124,2025-07-11 07:37:03.396183,2025-07-11 07:37:01.513995,-3.4e-05,2025-07-11 07:36:01.513961,2025-07-11 07:37:01.513961,60.0,True,True
101,3811,2025-07-11 07:37:03.444415,2025-07-11 07:37:01.562011,-1.882404088973999,2025-07-11 07:37:03.444415,2025-07-11 07:37:01.562232,-2.9e-05,2025-07-11 07:36:01.562203,2025-07-11 07:37:01.562203,60.0,True,True
102,51350,2025-07-11 07:37:00.944488,2025-07-11 07:37:01.571353,0.6268653869628906,2025-07-11 07:37:00.944488,2025-07-11 07:37:01.571577,-3.8e-05,2025-07-11 07:36:01.571539,2025-07-11 07:37:01.571539,60.0,True,True
103,51350,2025-07-11 07:37:01.115561,2025-07-11 07:37:01.742127,0.6265664100646973,2025-07-11 07:37:01.115561,2025-07-11 07:37:01.742287,-1.9e-05,2025-07-11 07:36:01.742268,2025-07-11 07:37:01.742268,60.0,True,True
104,51350,2025-07-11 07:37:01.314693,2025-07-11 07:37:01.943750,0.6290569305419922,2025-07-11 07:37:01.314693,2025-07-11 07:37:01.943987,-2.5e-05,2025-07-11 07:36:01.943962,2025-07-11 07:37:01.943962,60.0,True,True
105,61820,2025-07-11 07:37:01.722453,2025-07-11 07:37:01.769638,0.04718470573425293,2025-07-11 07:37:01.722453,2025-07-11 07:37:01.769841,-2.3e-05,2025-07-11 07:36:01.769818,2025-07-11 07:37:01.769818,60.0,True,True
106,61820,2025-07-11 07:37:01.817994,2025-07-11 07:37:01.865754,0.047760009765625,2025-07-11 07:37:01.817994,2025-07-11 07:37:01.865978,-2.4e-05,2025-07-11 07:36:01.865954,2025-07-11 07:37:01.865954,60.0,True,True
107,61820,2025-07-11 07:37:01.913659,2025-07-11 07:37:01.959722,0.04606318473815918,2025-07-11 07:37:01.913659,2025-07-11 07:37:01.959963,-3.4e-05,2025-07-11 07:36:01.959929,2025-07-11 07:37:01.959929,60.0,True,True
108,18891,2025-07-11 07:37:01.910965,2025-07-11 07:37:01.779527,-0.1314375400543213,2025-07-11 07:37:01.910965,2025-07-11 07:37:01.779732,-3.2e-05,2025-07-11 07:36:01.779700,2025-07-11 07:37:01.779700,60.0,True,True
109,18891,2025-07-11 07:37:02.189963,2025-07-11 07:37:02.058778,-0.13118529319763184,2025-07-11 07:37:02.189963,2025-07-11 07:37:02.059025,-3.1e-05,2025-07-11 07:36:02.058994,2025-07-11 07:37:02.058994,60.0,True,True
110,18891,2025-07-11 07:37:02.469374,2025-07-11 07:37:02.337758,-0.13161659240722656,2025-07-11 07:37:02.469374,2025-07-11 07:37:02.337925,-2.2e-05,2025-07-11 07:36:02.337903,2025-07-11 07:37:02.337903,60.0,True,True
111,10443,2025-07-11 07:37:00.450673,2025-07-11 07:37:01.880114,1.4294404983520508,2025-07-11 07:37:00.450673,2025-07-11 07:37:01.880279,-2e-05,2025-07-11 07:36:01.880259,2025-07-11 07:37:01.880259,60.0,True,True
112,10443,2025-07-11 07:37:00.554023,2025-07-11 07:37:01.982858,1.4288356304168701,2025-07-11 07:37:00.554023,2025-07-11 07:37:01.983055,-2.6e-05,2025-07-11 07:36:01.983029,2025-07-11 07:37:01.983029,60.0,True,True
113,10443,2025-07-11 07:37:00.657148,2025-07-11 07:37:02.085654,1.4285058975219727,2025-07-11 07:37:00.657148,2025-07-11 07:37:02.085841,-2.8e-05,2025-07-11 07:36:02.085813,2025-07-11 07:37:02.085813,60.0,True,True
114,29793,2025-07-11 07:37:03.026279,2025-07-11 07:37:02.209694,-0.8165853023529053,2025-07-11 07:37:03.026279,2025-07-11 07:37:02.209897,-2e-05,2025-07-11 07:36:02.209877,2025-07-11 07:37:02.209877,60.0,True,True
115,29793,2025-07-11 07:37:03.047478,2025-07-11 07:37:02.229042,-0.8184359073638916,2025-07-11 07:37:03.047478,2025-07-11 07:37:02.229245,-2.8e-05,2025-07-11 07:36:02.229217,2025-07-11 07:37:02.229217,60.0,True,True
116,29793,2025-07-11 07:37:03.066918,2025-07-11 07:37:02.248583,-0.8183348178863525,2025-07-11 07:37:03.066918,2025-07-11 07:37:02.248806,-2.9e-05,2025-07-11 07:36:02.248777,2025-07-11 07:37:02.248777,60.0,True,True
117,53953,2025-07-11 07:37:01.267740,2025-07-11 07:37:02.251035,0.9832954406738281,2025-07-11 07:37:01.267740,2025-07-11 07:37:02.251186,-2.1e-05,2025-07-11 07:36:02.251165,2025-07-11 07:37:02.251165,60.0,True,True
118,53953,2025-07-11 07:37:01.390558,2025-07-11 07:37:02.373400,0.982841968536377,2025-07-11 07:37:01.390558,2025-07-11 07:37:02.373575,-2.2e-05,2025-07-11 07:36:02.373553,2025-07-11 07:37:02.373553,60.0,True,True
119,53953,2025-07-11 07:37:01.512694,2025-07-11 07:37:02.495533,0.9828395843505859,2025-07-11 07:37:01.512694,2025-07-11 07:37:02.495711,-2.6e-05,2025-07-11 07:36:02.495685,2025-07-11 07:37:02.495685,60.0,True,True
120,19832,2025-07-11 07:37:04.570238,2025-07-11 07:37:04.379031,-0.1912069320678711,2025-07-11 07:37:04.570238,2025-07-11 07:37:04.379234,-3.9e-05,2025-07-11 07:36:04.379195,2025-07-11 07:37:04.379195,60.0,True,True
121,19832,2025-07-11 07:37:04.583484,2025-07-11 07:37:04.392014,-0.19147014617919922,2025-07-11 07:37:04.583484,2025-07-11 07:37:04.392206,-2.1e-05,2025-07-11 07:36:04.392185,2025-07-11 07:37:04.392185,60.0,True,True
122,19832,2025-07-11 07:37:04.596584,2025-07-11 07:37:04.405030,-0.19155383110046387,2025-07-11 07:37:04.596584,2025-07-11 07:37:04.405206,-2.2e-05,2025-07-11 07:36:04.405184,2025-07-11 07:37:04.405184,60.0,True,True
123,60123,2025-07-11 07:37:06.744213,2025-07-11 07:37:06.756332,0.012118816375732422,2025-07-11 07:37:06.744213,2025-07-11 07:37:06.756556,-3e-05,2025-07-11 07:36:06.756526,2025-07-11 07:37:06.756526,60.0,True,True
124,60123,2025-07-11 07:37:06.768910,2025-07-11 07:37:06.780874,0.011964559555053711,2025-07-11 07:37:06.768910,2025-07-11 07:37:06.781076,-3.2e-05,2025-07-11 07:36:06.781044,2025-07-11 07:37:06.781044,60.0,True,True
125,60123,2025-07-11 07:37:06.793764,2025-07-11 07:37:06.805812,0.012048006057739258,2025-07-11 07:37:06.793764,2025-07-11 07:37:06.806036,-2.2e-05,2025-07-11 07:36:06.806014,2025-07-11 07:37:06.806014,60.0,True,True
